comparison,bucket,n,sage_f1,hetero_f1,delta_f1,delta_auc,mcnemar_p
HeteroSAGE_vs_SAGE,Low homophily (<0.5),426,0.8028±0.0073,0.8168±0.0059,0.014,0.0051,0.5464935954065822
HeteroSAGE_vs_SAGE,High homophily (>=0.5),670,0.8296±0.0019,0.8322±0.0031,0.0026,-0.0026,0.21090292605660677
HeteroSAGE_vs_SAGE,Overall,1096,0.8196±0.0040,0.8266±0.0033,0.007,0.0,0.12271259472816963
