comparison,bucket,n,sage_f1,hetero_f1,delta_f1,delta_auc,mcnemar_p
HeteroSAGE_vs_SAGE,Low homophily (<0.5),426,0.8022±0.0069,0.8161±0.0047,0.0139,0.0044,0.055008833629265896
HeteroSAGE_vs_SAGE,High homophily (>=0.5),670,0.8292±0.0018,0.8336±0.0032,0.0044,-0.0027,0.20124262095772028
HeteroSAGE_vs_SAGE,Overall,1096,0.8191±0.0037,0.8272±0.0024,0.0081,-0.0004,0.01839965286119271
