comparison,bucket,n,mlp_f1,hetero_f1,delta_f1,delta_auc,mcnemar_p
HeteroSAGE_vs_MLP,Low homophily (<0.5),426,0.8140±0.0034,0.8161±0.0047,0.0021,0.0138,1.0
HeteroSAGE_vs_MLP,High homophily (>=0.5),670,0.8327±0.0007,0.8336±0.0032,0.0009,0.0038,0.7103465689955667
HeteroSAGE_vs_MLP,Overall,1096,0.8258±0.0017,0.8272±0.0024,0.0014,0.007,0.8917558535067943
